model,energy
1,6.43896
2,0.507411
3,3.7401
4,2.68658
5,1.78488
6,1.91407
7,2.46215
8,0.0252468
9,3.56641
10,3.76314
11,2.57989
12,4.23625
13,1.32023
14,1.70733
15,1.89191
16,0.339032
17,2.51933
18,5.41041
19,1.91046
20,2.08302
21,2.45391
22,1.60181
23,1.97287
24,0.629886
25,0.539173
26,3.88641
27,3.70834
28,2.65974
29,4.32094
30,1.39353
31,3.29738
32,1.97266
33,0.675302
34,2.50628
