amino_acid,energy
A,-0.4199999999999946
A,-0.7899999999999991
A,-0.09000000000000341
A,-0.6900000000000048
A,-0.29999999999999716
R,-5.309999999999995
R,-5.730000000000004
R,-4.939999999999998
R,-5.579999999999998
R,-5.1299999999999955
D,7.469999999999999
D,7.670000000000002
D,7.310000000000002
D,7.439999999999998
D,7.770000000000003
N,0.7600000000000051
N,0.3999999999999986
N,1.1199999999999974
N,0.5300000000000011
N,0.8500000000000014
C,-3.75
C,-4.100000000000001
C,-3.280000000000001
C,-4.020000000000003
C,-3.549999999999997
E,9.690000000000005
E,9.869999999999997
E,9.520000000000003
E,9.629999999999995
E,9.950000000000003
Q,6.140000000000001
Q,5.810000000000002
Q,6.609999999999999
Q,5.909999999999997
Q,6.3700000000000045
G,0.20000000000000284
G,-0.20000000000000284
G,0.5200000000000031
G,-0.0799999999999983
G,0.35999999999999943
H,3.490000000000002
H,3.6700000000000017
H,3.3200000000000003
H,3.4399999999999977
H,3.760000000000005
I,-2.0999999999999943
I,-2.509999999999998
I,-1.6899999999999977
I,-2.3599999999999994
I,-1.9399999999999977
L,-1.509999999999998
L,-1.8900000000000006
L,-1.0900000000000034
L,-1.7800000000000011
L,-1.3299999999999983
K,2.1000000000000014
K,1.7100000000000009
K,2.509999999999998
K,1.8399999999999963
K,2.270000000000003
M,-4.309999999999995
M,-4.700000000000003
M,-3.8800000000000026
M,-4.579999999999998
M,-4.140000000000001
F,4.289999999999999
F,4.490000000000002
F,4.119999999999997
F,4.229999999999997
F,4.560000000000002
P,1.6900000000000048
P,1.3100000000000023
P,2.1099999999999994
P,1.4299999999999997
P,1.8700000000000045
S,-0.7999999999999972
S,-1.2000000000000028
S,-0.39000000000000057
S,-1.0799999999999983
S,-0.6299999999999955
T,0.6000000000000014
T,0.21000000000000085
T,1.009999999999998
T,0.3299999999999983
T,0.7700000000000031
W,8.990000000000002
W,9.189999999999998
W,8.810000000000002
W,8.939999999999998
W,9.260000000000005
Y,5.090000000000003
Y,4.699999999999996
Y,5.509999999999998
Y,4.829999999999998
Y,5.270000000000003
V,-1.009999999999998
V,-1.3999999999999986
V,-0.5900000000000034
V,-1.2700000000000031
V,-0.8299999999999983
